workerCounter,assignmentId,workerId,hitId,trial type,reaction time,score,stimulus1,stimulus2 
1,debugIJTH5Z,debugURZBAF,debugIVM2SR,0,8575,3,56,58
1,debugIJTH5Z,debugURZBAF,debugIVM2SR,1,4797,5,14,28
1,debugIJTH5Z,debugURZBAF,debugIVM2SR,1,7657,2,17,58
1,debugIJTH5Z,debugURZBAF,debugIVM2SR,1,2819,4,53,44
1,debugIJTH5Z,debugURZBAF,debugIVM2SR,1,2486,7,28,47
1,debugIJTH5Z,debugURZBAF,debugIVM2SR,1,3015,5,47,45
1,debugIJTH5Z,debugURZBAF,debugIVM2SR,2,2957,1,54,49
1,debugIJTH5Z,debugURZBAF,debugIVM2SR,2,9517,6,14,47
1,debugIJTH5Z,debugURZBAF,debugIVM2SR,2,4186,4,50,56
1,debugIJTH5Z,debugURZBAF,debugIVM2SR,2,3441,5,55,57
1,debugIJTH5Z,debugURZBAF,debugIVM2SR,2,3594,4,20,53
1,debugIJTH5Z,debugURZBAF,debugIVM2SR,2,2722,4,14,51
1,debugIJTH5Z,debugURZBAF,debugIVM2SR,2,3465,5,45,20
1,debugIJTH5Z,debugURZBAF,debugIVM2SR,2,8875,3,50,20
1,debugIJTH5Z,debugURZBAF,debugIVM2SR,2,5195,7,14,59
1,debugIJTH5Z,debugURZBAF,debugIVM2SR,2,8561,6,55,20
1,debugIJTH5Z,debugURZBAF,debugIVM2SR,2,6337,7,54,47
1,debugIJTH5Z,debugURZBAF,debugIVM2SR,2,3215,5,41,43
1,debugIJTH5Z,debugURZBAF,debugIVM2SR,2,4972,8,48,44
1,debugIJTH5Z,debugURZBAF,debugIVM2SR,2,4852,6,52,45
1,debugIJTH5Z,debugURZBAF,debugIVM2SR,2,3145,5,46,52
1,debugIJTH5Z,debugURZBAF,debugIVM2SR,2,3120,4,46,51
1,debugIJTH5Z,debugURZBAF,debugIVM2SR,2,3532,3,55,50
1,debugIJTH5Z,debugURZBAF,debugIVM2SR,2,5815,3,38,20
1,debugIJTH5Z,debugURZBAF,debugIVM2SR,2,4406,7,50,38
1,debugIJTH5Z,debugURZBAF,debugIVM2SR,2,3576,6,41,28
1,debugIJTH5Z,debugURZBAF,debugIVM2SR,2,2822,6,38,52
1,debugIJTH5Z,debugURZBAF,debugIVM2SR,2,4487,2,17,54
1,debugIJTH5Z,debugURZBAF,debugIVM2SR,2,2786,3,38,57
1,debugIJTH5Z,debugURZBAF,debugIVM2SR,2,2664,3,38,44
1,debugIJTH5Z,debugURZBAF,debugIVM2SR,2,4462,4,38,14
1,debugIJTH5Z,debugURZBAF,debugIVM2SR,2,4238,7,53,42
1,debugIJTH5Z,debugURZBAF,debugIVM2SR,2,5624,3,50,43
1,debugIJTH5Z,debugURZBAF,debugIVM2SR,2,4204,4,45,38
1,debugIJTH5Z,debugURZBAF,debugIVM2SR,2,4966,2,17,14
1,debugIJTH5Z,debugURZBAF,debugIVM2SR,2,5500,2,58,42
1,debugIJTH5Z,debugURZBAF,debugIVM2SR,2,5431,6,57,52
1,debugIJTH5Z,debugURZBAF,debugIVM2SR,2,8435,4,58,54
1,debugIJTH5Z,debugURZBAF,debugIVM2SR,2,7385,5,14,54
1,debugIJTH5Z,debugURZBAF,debugIVM2SR,3,2842,true,49,49
1,debugIJTH5Z,debugURZBAF,debugIVM2SR,2,5369,3,54,47
1,debugIJTH5Z,debugURZBAF,debugIVM2SR,2,5766,2,50,20
1,debugIJTH5Z,debugURZBAF,debugIVM2SR,2,3785,6,14,54
1,debugIJTH5Z,debugURZBAF,debugIVM2SR,2,3617,5,46,52
1,debugIJTH5Z,debugURZBAF,debugIVM2SR,2,5298,4,17,14
1,debugIJTH5Z,debugURZBAF,debugIVM2SR,2,3812,3,41,43
1,debugIJTH5Z,debugURZBAF,debugIVM2SR,2,4647,5,50,38
1,debugIJTH5Z,debugURZBAF,debugIVM2SR,2,3639,4,45,38
1,debugIJTH5Z,debugURZBAF,debugIVM2SR,2,3284,5,45,20
1,debugIJTH5Z,debugURZBAF,debugIVM2SR,2,14759,6,14,59
1,debugIJTH5Z,debugURZBAF,debugIVM2SR,2,4422,6,52,45
1,debugIJTH5Z,debugURZBAF,debugIVM2SR,2,4034,3,38,20
1,debugIJTH5Z,debugURZBAF,debugIVM2SR,2,4540,6,38,14
1,debugIJTH5Z,debugURZBAF,debugIVM2SR,2,5486,6,55,20
1,debugIJTH5Z,debugURZBAF,debugIVM2SR,2,4271,4,38,57
1,debugIJTH5Z,debugURZBAF,debugIVM2SR,2,4135,5,38,44
1,debugIJTH5Z,debugURZBAF,debugIVM2SR,2,5174,3,46,51
1,debugIJTH5Z,debugURZBAF,debugIVM2SR,2,4103,5,38,52
1,debugIJTH5Z,debugURZBAF,debugIVM2SR,2,4383,7,57,52
1,debugIJTH5Z,debugURZBAF,debugIVM2SR,2,6607,8,53,42
1,debugIJTH5Z,debugURZBAF,debugIVM2SR,2,5806,4,50,43
1,debugIJTH5Z,debugURZBAF,debugIVM2SR,2,9920,5,20,53
1,debugIJTH5Z,debugURZBAF,debugIVM2SR,2,2696,6,55,57
1,debugIJTH5Z,debugURZBAF,debugIVM2SR,2,7411,6,41,28
1,debugIJTH5Z,debugURZBAF,debugIVM2SR,2,3501,4,17,54
1,debugIJTH5Z,debugURZBAF,debugIVM2SR,2,3928,5,50,56
1,debugIJTH5Z,debugURZBAF,debugIVM2SR,2,4214,2,58,42
1,debugIJTH5Z,debugURZBAF,debugIVM2SR,2,4846,3,14,51
1,debugIJTH5Z,debugURZBAF,debugIVM2SR,2,4166,2,55,50
1,debugIJTH5Z,debugURZBAF,debugIVM2SR,2,4615,7,48,44
1,debugIJTH5Z,debugURZBAF,debugIVM2SR,2,4461,1,54,49
1,debugIJTH5Z,debugURZBAF,debugIVM2SR,2,3426,7,14,47
1,debugIJTH5Z,debugURZBAF,debugIVM2SR,2,3705,4,58,54
1,debugIJTH5Z,debugURZBAF,debugIVM2SR,2,6672,2,58,42
1,debugIJTH5Z,debugURZBAF,debugIVM2SR,2,4962,3,46,51
1,debugIJTH5Z,debugURZBAF,debugIVM2SR,2,5525,5,20,53
1,debugIJTH5Z,debugURZBAF,debugIVM2SR,2,6060,3,50,20
1,debugIJTH5Z,debugURZBAF,debugIVM2SR,2,3086,5,54,47
1,debugIJTH5Z,debugURZBAF,debugIVM2SR,2,3449,7,14,54
1,debugIJTH5Z,debugURZBAF,debugIVM2SR,2,5344,3,55,50
1,debugIJTH5Z,debugURZBAF,debugIVM2SR,2,3633,1,54,49
1,debugIJTH5Z,debugURZBAF,debugIVM2SR,2,3382,7,41,28
1,debugIJTH5Z,debugURZBAF,debugIVM2SR,2,4820,6,46,52
1,debugIJTH5Z,debugURZBAF,debugIVM2SR,2,2662,5,14,51
1,debugIJTH5Z,debugURZBAF,debugIVM2SR,2,11804,6,14,59
1,debugIJTH5Z,debugURZBAF,debugIVM2SR,2,4911,5,38,44
1,debugIJTH5Z,debugURZBAF,debugIVM2SR,2,3033,7,57,52
1,debugIJTH5Z,debugURZBAF,debugIVM2SR,2,3064,3,50,43
1,debugIJTH5Z,debugURZBAF,debugIVM2SR,2,3449,7,14,47
1,debugIJTH5Z,debugURZBAF,debugIVM2SR,2,12715,6,45,20
1,debugIJTH5Z,debugURZBAF,debugIVM2SR,2,5308,5,38,14
1,debugIJTH5Z,debugURZBAF,debugIVM2SR,2,2939,5,17,14
1,debugIJTH5Z,debugURZBAF,debugIVM2SR,2,3211,5,41,43
1,debugIJTH5Z,debugURZBAF,debugIVM2SR,2,5628,5,58,54
1,debugIJTH5Z,debugURZBAF,debugIVM2SR,2,8320,4,38,52
1,debugIJTH5Z,debugURZBAF,debugIVM2SR,2,4517,7,53,42
1,debugIJTH5Z,debugURZBAF,debugIVM2SR,2,3556,6,55,20
1,debugIJTH5Z,debugURZBAF,debugIVM2SR,2,3324,6,52,45
1,debugIJTH5Z,debugURZBAF,debugIVM2SR,2,2638,7,50,56
1,debugIJTH5Z,debugURZBAF,debugIVM2SR,2,5367,6,45,38
1,debugIJTH5Z,debugURZBAF,debugIVM2SR,2,2465,7,55,57
1,debugIJTH5Z,debugURZBAF,debugIVM2SR,2,4015,8,48,44
1,debugIJTH5Z,debugURZBAF,debugIVM2SR,2,3974,5,17,54
1,debugIJTH5Z,debugURZBAF,debugIVM2SR,2,3676,4,38,20
1,debugIJTH5Z,debugURZBAF,debugIVM2SR,2,3159,4,50,38
1,debugIJTH5Z,debugURZBAF,debugIVM2SR,2,3946,3,38,57
1,debugIJTH5Z,debugURZBAF,debugIVM2SR,3,2038,true,38,38
1,debugIJTH5Z,debugURZBAF,debugIVM2SR,2,6778,3,46,51
1,debugIJTH5Z,debugURZBAF,debugIVM2SR,2,5362,3,14,51
1,debugIJTH5Z,debugURZBAF,debugIVM2SR,2,2827,4,46,52
1,debugIJTH5Z,debugURZBAF,debugIVM2SR,2,3620,4,38,52
1,debugIJTH5Z,debugURZBAF,debugIVM2SR,2,2313,1,54,49
1,debugIJTH5Z,debugURZBAF,debugIVM2SR,2,3007,3,50,20
1,debugIJTH5Z,debugURZBAF,debugIVM2SR,2,10766,5,14,59
1,debugIJTH5Z,debugURZBAF,debugIVM2SR,2,3792,4,50,43
1,debugIJTH5Z,debugURZBAF,debugIVM2SR,2,2796,6,38,14
1,debugIJTH5Z,debugURZBAF,debugIVM2SR,2,6371,8,53,42
1,debugIJTH5Z,debugURZBAF,debugIVM2SR,2,3660,7,14,47
1,debugIJTH5Z,debugURZBAF,debugIVM2SR,2,2611,6,14,54
1,debugIJTH5Z,debugURZBAF,debugIVM2SR,2,6775,6,38,20
1,debugIJTH5Z,debugURZBAF,debugIVM2SR,2,4611,5,45,20
1,debugIJTH5Z,debugURZBAF,debugIVM2SR,2,3908,7,55,57
1,debugIJTH5Z,debugURZBAF,debugIVM2SR,2,7457,6,54,47
1,debugIJTH5Z,debugURZBAF,debugIVM2SR,2,4876,5,41,43
1,debugIJTH5Z,debugURZBAF,debugIVM2SR,2,3002,5,58,54
1,debugIJTH5Z,debugURZBAF,debugIVM2SR,2,3166,5,17,54
1,debugIJTH5Z,debugURZBAF,debugIVM2SR,2,2926,8,48,44
1,debugIJTH5Z,debugURZBAF,debugIVM2SR,2,5016,7,52,45
1,debugIJTH5Z,debugURZBAF,debugIVM2SR,2,8078,6,50,56
1,debugIJTH5Z,debugURZBAF,debugIVM2SR,2,3123,3,55,50
1,debugIJTH5Z,debugURZBAF,debugIVM2SR,2,3110,4,50,38
1,debugIJTH5Z,debugURZBAF,debugIVM2SR,2,3202,4,38,57
1,debugIJTH5Z,debugURZBAF,debugIVM2SR,2,8774,3,55,20
1,debugIJTH5Z,debugURZBAF,debugIVM2SR,2,4039,2,58,42
1,debugIJTH5Z,debugURZBAF,debugIVM2SR,2,6181,3,45,38
1,debugIJTH5Z,debugURZBAF,debugIVM2SR,2,5753,3,20,53
1,debugIJTH5Z,debugURZBAF,debugIVM2SR,2,2588,6,17,14
1,debugIJTH5Z,debugURZBAF,debugIVM2SR,2,2900,5,38,44
1,debugIJTH5Z,debugURZBAF,debugIVM2SR,2,2444,5,41,28
1,debugIJTH5Z,debugURZBAF,debugIVM2SR,2,2660,6,57,52
2,debugXRI15V,debugWZ100H,debugCP5QRD,0,7028,4,50,43
2,debugXRI15V,debugWZ100H,debugCP5QRD,1,6791,4,50,53
2,debugXRI15V,debugWZ100H,debugCP5QRD,1,4600,2,58,45
2,debugXRI15V,debugWZ100H,debugCP5QRD,1,3968,6,54,46
2,debugXRI15V,debugWZ100H,debugCP5QRD,1,2266,1,43,49
2,debugXRI15V,debugWZ100H,debugCP5QRD,1,4189,4,56,14
2,debugXRI15V,debugWZ100H,debugCP5QRD,2,5008,2,17,14
2,debugXRI15V,debugWZ100H,debugCP5QRD,2,5663,3,14,54
2,debugXRI15V,debugWZ100H,debugCP5QRD,2,3807,3,55,50
2,debugXRI15V,debugWZ100H,debugCP5QRD,2,3098,2,58,42
2,debugXRI15V,debugWZ100H,debugCP5QRD,2,4437,5,38,52
2,debugXRI15V,debugWZ100H,debugCP5QRD,2,8005,3,38,20
2,debugXRI15V,debugWZ100H,debugCP5QRD,2,6053,3,46,51
2,debugXRI15V,debugWZ100H,debugCP5QRD,2,4941,4,54,47
2,debugXRI15V,debugWZ100H,debugCP5QRD,2,3273,6,48,44
2,debugXRI15V,debugWZ100H,debugCP5QRD,2,8078,6,53,42
2,debugXRI15V,debugWZ100H,debugCP5QRD,2,2545,7,50,56
2,debugXRI15V,debugWZ100H,debugCP5QRD,2,4102,6,50,38
2,debugXRI15V,debugWZ100H,debugCP5QRD,2,2610,1,54,49
2,debugXRI15V,debugWZ100H,debugCP5QRD,2,3382,3,14,59
2,debugXRI15V,debugWZ100H,debugCP5QRD,2,3439,4,14,47
2,debugXRI15V,debugWZ100H,debugCP5QRD,2,2141,1,17,54
2,debugXRI15V,debugWZ100H,debugCP5QRD,2,8154,4,38,14
2,debugXRI15V,debugWZ100H,debugCP5QRD,2,4114,4,58,54
2,debugXRI15V,debugWZ100H,debugCP5QRD,2,4294,5,55,57
2,debugXRI15V,debugWZ100H,debugCP5QRD,2,3365,4,38,44
2,debugXRI15V,debugWZ100H,debugCP5QRD,2,3868,6,57,52
2,debugXRI15V,debugWZ100H,debugCP5QRD,2,4443,3,41,43
2,debugXRI15V,debugWZ100H,debugCP5QRD,2,2778,6,45,20
2,debugXRI15V,debugWZ100H,debugCP5QRD,2,3272,3,50,20
2,debugXRI15V,debugWZ100H,debugCP5QRD,2,5612,5,38,57
2,debugXRI15V,debugWZ100H,debugCP5QRD,2,8671,5,41,28
2,debugXRI15V,debugWZ100H,debugCP5QRD,2,9843,3,50,43
2,debugXRI15V,debugWZ100H,debugCP5QRD,2,6830,4,20,53
2,debugXRI15V,debugWZ100H,debugCP5QRD,2,3293,2,46,52
2,debugXRI15V,debugWZ100H,debugCP5QRD,2,9612,3,52,45
2,debugXRI15V,debugWZ100H,debugCP5QRD,2,3942,4,45,38
2,debugXRI15V,debugWZ100H,debugCP5QRD,2,4491,5,14,51
2,debugXRI15V,debugWZ100H,debugCP5QRD,2,4784,3,55,20
2,debugXRI15V,debugWZ100H,debugCP5QRD,3,2459,true,14,14
2,debugXRI15V,debugWZ100H,debugCP5QRD,2,3620,5,48,44
2,debugXRI15V,debugWZ100H,debugCP5QRD,2,4612,4,54,47
2,debugXRI15V,debugWZ100H,debugCP5QRD,2,3708,6,14,47
2,debugXRI15V,debugWZ100H,debugCP5QRD,2,5576,5,38,57
2,debugXRI15V,debugWZ100H,debugCP5QRD,2,4164,7,57,52
2,debugXRI15V,debugWZ100H,debugCP5QRD,2,4003,5,38,14
2,debugXRI15V,debugWZ100H,debugCP5QRD,2,3852,5,55,57
2,debugXRI15V,debugWZ100H,debugCP5QRD,2,4464,5,53,42
2,debugXRI15V,debugWZ100H,debugCP5QRD,2,36297,3,38,52
2,debugXRI15V,debugWZ100H,debugCP5QRD,2,2934,1,38,20
2,debugXRI15V,debugWZ100H,debugCP5QRD,2,9875,2,55,50
2,debugXRI15V,debugWZ100H,debugCP5QRD,2,2941,4,14,51
2,debugXRI15V,debugWZ100H,debugCP5QRD,2,3589,6,50,20
2,debugXRI15V,debugWZ100H,debugCP5QRD,2,5617,6,14,59
2,debugXRI15V,debugWZ100H,debugCP5QRD,2,5425,4,46,52
2,debugXRI15V,debugWZ100H,debugCP5QRD,2,2934,2,58,42
2,debugXRI15V,debugWZ100H,debugCP5QRD,2,3486,2,50,43
2,debugXRI15V,debugWZ100H,debugCP5QRD,2,3258,3,58,54
2,debugXRI15V,debugWZ100H,debugCP5QRD,2,4389,2,17,14
2,debugXRI15V,debugWZ100H,debugCP5QRD,2,4473,4,50,56
2,debugXRI15V,debugWZ100H,debugCP5QRD,2,2254,1,54,49
2,debugXRI15V,debugWZ100H,debugCP5QRD,2,4988,5,41,28
2,debugXRI15V,debugWZ100H,debugCP5QRD,2,30215,6,20,53
2,debugXRI15V,debugWZ100H,debugCP5QRD,2,7544,4,45,38
2,debugXRI15V,debugWZ100H,debugCP5QRD,2,46660,3,55,20
2,debugXRI15V,debugWZ100H,debugCP5QRD,2,9669,5,38,44
2,debugXRI15V,debugWZ100H,debugCP5QRD,2,8409,5,45,20
2,debugXRI15V,debugWZ100H,debugCP5QRD,2,19167,6,52,45
2,debugXRI15V,debugWZ100H,debugCP5QRD,2,4088,4,46,51
2,debugXRI15V,debugWZ100H,debugCP5QRD,2,42741,2,17,54
2,debugXRI15V,debugWZ100H,debugCP5QRD,2,3973,4,41,43
2,debugXRI15V,debugWZ100H,debugCP5QRD,2,3480,6,50,38
2,debugXRI15V,debugWZ100H,debugCP5QRD,2,4961,6,14,54
2,debugXRI15V,debugWZ100H,debugCP5QRD,2,4113,7,50,56
2,debugXRI15V,debugWZ100H,debugCP5QRD,2,3312,5,50,38
2,debugXRI15V,debugWZ100H,debugCP5QRD,2,4363,3,58,54
2,debugXRI15V,debugWZ100H,debugCP5QRD,2,1870,1,54,49
2,debugXRI15V,debugWZ100H,debugCP5QRD,2,5623,3,50,20
2,debugXRI15V,debugWZ100H,debugCP5QRD,2,6116,4,38,57
2,debugXRI15V,debugWZ100H,debugCP5QRD,2,2836,6,57,52
2,debugXRI15V,debugWZ100H,debugCP5QRD,2,4746,4,38,44
2,debugXRI15V,debugWZ100H,debugCP5QRD,2,2530,2,17,54
2,debugXRI15V,debugWZ100H,debugCP5QRD,2,3253,2,17,14
2,debugXRI15V,debugWZ100H,debugCP5QRD,2,48274,5,54,47
2,debugXRI15V,debugWZ100H,debugCP5QRD,2,2819,3,50,43
2,debugXRI15V,debugWZ100H,debugCP5QRD,2,5001,4,14,51
2,debugXRI15V,debugWZ100H,debugCP5QRD,2,14330,3,55,20
2,debugXRI15V,debugWZ100H,debugCP5QRD,2,20850,3,55,50
2,debugXRI15V,debugWZ100H,debugCP5QRD,2,6215,3,45,38
2,debugXRI15V,debugWZ100H,debugCP5QRD,2,4293,4,38,52
2,debugXRI15V,debugWZ100H,debugCP5QRD,2,3353,6,55,57
2,debugXRI15V,debugWZ100H,debugCP5QRD,2,2686,6,45,20
2,debugXRI15V,debugWZ100H,debugCP5QRD,2,3835,6,41,28
2,debugXRI15V,debugWZ100H,debugCP5QRD,2,2890,3,46,51
2,debugXRI15V,debugWZ100H,debugCP5QRD,2,3231,5,53,42
2,debugXRI15V,debugWZ100H,debugCP5QRD,2,4776,4,14,59
2,debugXRI15V,debugWZ100H,debugCP5QRD,2,8636,5,14,54
2,debugXRI15V,debugWZ100H,debugCP5QRD,2,5669,6,48,44
2,debugXRI15V,debugWZ100H,debugCP5QRD,2,25221,5,14,47
2,debugXRI15V,debugWZ100H,debugCP5QRD,2,8740,4,38,14
2,debugXRI15V,debugWZ100H,debugCP5QRD,2,5385,2,58,42
2,debugXRI15V,debugWZ100H,debugCP5QRD,2,3457,2,38,20
2,debugXRI15V,debugWZ100H,debugCP5QRD,2,9454,3,41,43
2,debugXRI15V,debugWZ100H,debugCP5QRD,2,3025,3,46,52
2,debugXRI15V,debugWZ100H,debugCP5QRD,2,5542,5,52,45
2,debugXRI15V,debugWZ100H,debugCP5QRD,2,4036,5,20,53
2,debugXRI15V,debugWZ100H,debugCP5QRD,3,3114,true,50,50
2,debugXRI15V,debugWZ100H,debugCP5QRD,2,6349,4,14,51
2,debugXRI15V,debugWZ100H,debugCP5QRD,2,4254,5,20,53
2,debugXRI15V,debugWZ100H,debugCP5QRD,2,10015,3,38,44
2,debugXRI15V,debugWZ100H,debugCP5QRD,2,5350,3,46,52
2,debugXRI15V,debugWZ100H,debugCP5QRD,2,3172,3,55,50
2,debugXRI15V,debugWZ100H,debugCP5QRD,2,3783,6,41,28
2,debugXRI15V,debugWZ100H,debugCP5QRD,2,4006,3,55,20
2,debugXRI15V,debugWZ100H,debugCP5QRD,2,5893,2,45,38
2,debugXRI15V,debugWZ100H,debugCP5QRD,2,7185,4,38,14
2,debugXRI15V,debugWZ100H,debugCP5QRD,2,3115,6,52,45
2,debugXRI15V,debugWZ100H,debugCP5QRD,2,5584,5,14,59
2,debugXRI15V,debugWZ100H,debugCP5QRD,2,3660,5,50,38
2,debugXRI15V,debugWZ100H,debugCP5QRD,2,4669,4,14,54
2,debugXRI15V,debugWZ100H,debugCP5QRD,2,6063,4,55,57
2,debugXRI15V,debugWZ100H,debugCP5QRD,2,5201,3,38,20
2,debugXRI15V,debugWZ100H,debugCP5QRD,2,2562,2,58,42
2,debugXRI15V,debugWZ100H,debugCP5QRD,2,3509,7,50,56
2,debugXRI15V,debugWZ100H,debugCP5QRD,2,4815,4,38,57
2,debugXRI15V,debugWZ100H,debugCP5QRD,2,2446,5,53,42
2,debugXRI15V,debugWZ100H,debugCP5QRD,2,2865,5,45,20
2,debugXRI15V,debugWZ100H,debugCP5QRD,2,2925,3,41,43
2,debugXRI15V,debugWZ100H,debugCP5QRD,2,3440,3,50,20
2,debugXRI15V,debugWZ100H,debugCP5QRD,2,2665,6,48,44
2,debugXRI15V,debugWZ100H,debugCP5QRD,2,4600,3,50,43
2,debugXRI15V,debugWZ100H,debugCP5QRD,2,4835,3,58,54
2,debugXRI15V,debugWZ100H,debugCP5QRD,2,2547,2,17,14
2,debugXRI15V,debugWZ100H,debugCP5QRD,2,2508,1,54,49
2,debugXRI15V,debugWZ100H,debugCP5QRD,2,4629,6,57,52
2,debugXRI15V,debugWZ100H,debugCP5QRD,2,2540,2,17,54
2,debugXRI15V,debugWZ100H,debugCP5QRD,2,6150,4,38,52
2,debugXRI15V,debugWZ100H,debugCP5QRD,2,3376,3,46,51
2,debugXRI15V,debugWZ100H,debugCP5QRD,2,7250,5,14,47
2,debugXRI15V,debugWZ100H,debugCP5QRD,2,6197,6,54,47
3,debugHMW9LO,debugLK7MDR,debugUR5VB7,0,20814,3,50,20
3,debugHMW9LO,debugLK7MDR,debugUR5VB7,1,7339,6,41,47
3,debugHMW9LO,debugLK7MDR,debugUR5VB7,1,6256,7,43,38
3,debugHMW9LO,debugLK7MDR,debugUR5VB7,1,6184,7,58,54
3,debugHMW9LO,debugLK7MDR,debugUR5VB7,1,2756,2,50,46
3,debugHMW9LO,debugLK7MDR,debugUR5VB7,1,8144,3,14,59
3,debugHMW9LO,debugLK7MDR,debugUR5VB7,2,12293,3,54,47
3,debugHMW9LO,debugLK7MDR,debugUR5VB7,2,5993,5,45,20
3,debugHMW9LO,debugLK7MDR,debugUR5VB7,2,4090,1,46,52
3,debugHMW9LO,debugLK7MDR,debugUR5VB7,2,2624,1,17,14
3,debugHMW9LO,debugLK7MDR,debugUR5VB7,2,5965,7,38,52
3,debugHMW9LO,debugLK7MDR,debugUR5VB7,2,4797,5,41,28
3,debugHMW9LO,debugLK7MDR,debugUR5VB7,2,4389,3,38,14
3,debugHMW9LO,debugLK7MDR,debugUR5VB7,2,3206,1,50,20
3,debugHMW9LO,debugLK7MDR,debugUR5VB7,2,3004,1,58,42
3,debugHMW9LO,debugLK7MDR,debugUR5VB7,2,6197,1,45,38
3,debugHMW9LO,debugLK7MDR,debugUR5VB7,2,3613,1,17,54
3,debugHMW9LO,debugLK7MDR,debugUR5VB7,2,2657,3,58,54
3,debugHMW9LO,debugLK7MDR,debugUR5VB7,2,10514,5,53,42
3,debugHMW9LO,debugLK7MDR,debugUR5VB7,2,3318,5,14,59
3,debugHMW9LO,debugLK7MDR,debugUR5VB7,2,17880,6,14,54
3,debugHMW9LO,debugLK7MDR,debugUR5VB7,2,6310,5,14,51
3,debugHMW9LO,debugLK7MDR,debugUR5VB7,2,5524,3,20,53
3,debugHMW9LO,debugLK7MDR,debugUR5VB7,2,3454,6,14,47
3,debugHMW9LO,debugLK7MDR,debugUR5VB7,2,4990,3,38,44
3,debugHMW9LO,debugLK7MDR,debugUR5VB7,2,3441,2,41,43
3,debugHMW9LO,debugLK7MDR,debugUR5VB7,2,2856,1,38,20
3,debugHMW9LO,debugLK7MDR,debugUR5VB7,2,3368,3,55,57
3,debugHMW9LO,debugLK7MDR,debugUR5VB7,2,4450,7,57,52
3,debugHMW9LO,debugLK7MDR,debugUR5VB7,2,3249,5,52,45
3,debugHMW9LO,debugLK7MDR,debugUR5VB7,2,2112,1,46,51
3,debugHMW9LO,debugLK7MDR,debugUR5VB7,2,7723,5,38,57
3,debugHMW9LO,debugLK7MDR,debugUR5VB7,2,2380,1,54,49
3,debugHMW9LO,debugLK7MDR,debugUR5VB7,2,7851,4,48,44
3,debugHMW9LO,debugLK7MDR,debugUR5VB7,2,3310,1,55,20
3,debugHMW9LO,debugLK7MDR,debugUR5VB7,2,2445,1,50,43
3,debugHMW9LO,debugLK7MDR,debugUR5VB7,2,1680,1,55,50
3,debugHMW9LO,debugLK7MDR,debugUR5VB7,2,4397,5,50,38
3,debugHMW9LO,debugLK7MDR,debugUR5VB7,2,5384,6,50,56
3,debugHMW9LO,debugLK7MDR,debugUR5VB7,3,2518,true,50,50
3,debugHMW9LO,debugLK7MDR,debugUR5VB7,2,2958,2,55,20
3,debugHMW9LO,debugLK7MDR,debugUR5VB7,2,3811,3,58,54
3,debugHMW9LO,debugLK7MDR,debugUR5VB7,2,7957,5,14,59
3,debugHMW9LO,debugLK7MDR,debugUR5VB7,2,4209,6,50,38
3,debugHMW9LO,debugLK7MDR,debugUR5VB7,2,3318,2,14,51
3,debugHMW9LO,debugLK7MDR,debugUR5VB7,2,2050,1,55,50
3,debugHMW9LO,debugLK7MDR,debugUR5VB7,2,2689,6,14,47
3,debugHMW9LO,debugLK7MDR,debugUR5VB7,2,4472,7,50,56
3,debugHMW9LO,debugLK7MDR,debugUR5VB7,2,2198,1,50,20
3,debugHMW9LO,debugLK7MDR,debugUR5VB7,2,1702,1,50,43
3,debugHMW9LO,debugLK7MDR,debugUR5VB7,2,2964,3,41,28
3,debugHMW9LO,debugLK7MDR,debugUR5VB7,2,2533,1,46,51
3,debugHMW9LO,debugLK7MDR,debugUR5VB7,2,3078,1,38,20
3,debugHMW9LO,debugLK7MDR,debugUR5VB7,2,1931,1,58,42
3,debugHMW9LO,debugLK7MDR,debugUR5VB7,2,4278,7,57,52
3,debugHMW9LO,debugLK7MDR,debugUR5VB7,2,3138,4,38,44
3,debugHMW9LO,debugLK7MDR,debugUR5VB7,2,6632,3,55,57
3,debugHMW9LO,debugLK7MDR,debugUR5VB7,2,1954,1,54,49
3,debugHMW9LO,debugLK7MDR,debugUR5VB7,2,5546,6,45,20
3,debugHMW9LO,debugLK7MDR,debugUR5VB7,2,2922,1,20,53
3,debugHMW9LO,debugLK7MDR,debugUR5VB7,2,3338,7,38,52
3,debugHMW9LO,debugLK7MDR,debugUR5VB7,2,2401,2,52,45
3,debugHMW9LO,debugLK7MDR,debugUR5VB7,2,3266,1,41,43
3,debugHMW9LO,debugLK7MDR,debugUR5VB7,2,3581,6,48,44
3,debugHMW9LO,debugLK7MDR,debugUR5VB7,2,3729,1,17,14
3,debugHMW9LO,debugLK7MDR,debugUR5VB7,2,2652,4,14,54
3,debugHMW9LO,debugLK7MDR,debugUR5VB7,2,3684,3,54,47
3,debugHMW9LO,debugLK7MDR,debugUR5VB7,2,2316,1,45,38
3,debugHMW9LO,debugLK7MDR,debugUR5VB7,2,3823,4,38,14
3,debugHMW9LO,debugLK7MDR,debugUR5VB7,2,3720,3,53,42
3,debugHMW9LO,debugLK7MDR,debugUR5VB7,2,5862,3,38,57
3,debugHMW9LO,debugLK7MDR,debugUR5VB7,2,1765,1,17,54
3,debugHMW9LO,debugLK7MDR,debugUR5VB7,2,2078,1,46,52
3,debugHMW9LO,debugLK7MDR,debugUR5VB7,2,3092,5,58,54
3,debugHMW9LO,debugLK7MDR,debugUR5VB7,2,1772,1,54,49
3,debugHMW9LO,debugLK7MDR,debugUR5VB7,2,3511,3,20,53
3,debugHMW9LO,debugLK7MDR,debugUR5VB7,2,5930,3,14,59
3,debugHMW9LO,debugLK7MDR,debugUR5VB7,2,13889,4,38,14
3,debugHMW9LO,debugLK7MDR,debugUR5VB7,2,2757,1,46,51
3,debugHMW9LO,debugLK7MDR,debugUR5VB7,2,4331,5,38,57
3,debugHMW9LO,debugLK7MDR,debugUR5VB7,2,5975,7,48,44
3,debugHMW9LO,debugLK7MDR,debugUR5VB7,2,2011,1,17,14
3,debugHMW9LO,debugLK7MDR,debugUR5VB7,2,4327,6,55,57
3,debugHMW9LO,debugLK7MDR,debugUR5VB7,2,2253,1,50,43
3,debugHMW9LO,debugLK7MDR,debugUR5VB7,2,3368,2,45,38
3,debugHMW9LO,debugLK7MDR,debugUR5VB7,2,2985,2,54,47
3,debugHMW9LO,debugLK7MDR,debugUR5VB7,2,5153,2,14,51
3,debugHMW9LO,debugLK7MDR,debugUR5VB7,2,7266,2,52,45
3,debugHMW9LO,debugLK7MDR,debugUR5VB7,2,1793,1,55,50
3,debugHMW9LO,debugLK7MDR,debugUR5VB7,2,5015,6,53,42
3,debugHMW9LO,debugLK7MDR,debugUR5VB7,2,3077,3,55,20
3,debugHMW9LO,debugLK7MDR,debugUR5VB7,2,4583,6,50,56
3,debugHMW9LO,debugLK7MDR,debugUR5VB7,2,2433,1,58,42
3,debugHMW9LO,debugLK7MDR,debugUR5VB7,2,6585,8,38,52
3,debugHMW9LO,debugLK7MDR,debugUR5VB7,2,2192,1,50,20
3,debugHMW9LO,debugLK7MDR,debugUR5VB7,2,3009,3,38,44
3,debugHMW9LO,debugLK7MDR,debugUR5VB7,2,3463,6,14,47
3,debugHMW9LO,debugLK7MDR,debugUR5VB7,2,4259,6,45,20
3,debugHMW9LO,debugLK7MDR,debugUR5VB7,2,3904,5,14,54
3,debugHMW9LO,debugLK7MDR,debugUR5VB7,2,6565,4,41,43
3,debugHMW9LO,debugLK7MDR,debugUR5VB7,2,4885,1,46,52
3,debugHMW9LO,debugLK7MDR,debugUR5VB7,2,3229,7,50,38
3,debugHMW9LO,debugLK7MDR,debugUR5VB7,2,3988,3,41,28
3,debugHMW9LO,debugLK7MDR,debugUR5VB7,2,8018,6,57,52
3,debugHMW9LO,debugLK7MDR,debugUR5VB7,2,2348,1,17,54
3,debugHMW9LO,debugLK7MDR,debugUR5VB7,2,1617,1,38,20
3,debugHMW9LO,debugLK7MDR,debugUR5VB7,3,2202,true,56,56
3,debugHMW9LO,debugLK7MDR,debugUR5VB7,2,8551,6,54,47
3,debugHMW9LO,debugLK7MDR,debugUR5VB7,2,3728,5,14,54
3,debugHMW9LO,debugLK7MDR,debugUR5VB7,2,2593,2,45,38
3,debugHMW9LO,debugLK7MDR,debugUR5VB7,2,3202,7,50,38
3,debugHMW9LO,debugLK7MDR,debugUR5VB7,2,2087,1,17,14
3,debugHMW9LO,debugLK7MDR,debugUR5VB7,2,1918,1,50,20
3,debugHMW9LO,debugLK7MDR,debugUR5VB7,2,3251,5,55,57
3,debugHMW9LO,debugLK7MDR,debugUR5VB7,2,6764,5,38,57
3,debugHMW9LO,debugLK7MDR,debugUR5VB7,2,3073,1,14,51
3,debugHMW9LO,debugLK7MDR,debugUR5VB7,2,3960,3,58,54
3,debugHMW9LO,debugLK7MDR,debugUR5VB7,2,2852,1,58,42
3,debugHMW9LO,debugLK7MDR,debugUR5VB7,2,2484,4,53,42
3,debugHMW9LO,debugLK7MDR,debugUR5VB7,2,4835,7,50,56
3,debugHMW9LO,debugLK7MDR,debugUR5VB7,2,2092,1,17,54
3,debugHMW9LO,debugLK7MDR,debugUR5VB7,2,4340,2,55,20
3,debugHMW9LO,debugLK7MDR,debugUR5VB7,2,6663,3,20,53
3,debugHMW9LO,debugLK7MDR,debugUR5VB7,2,2490,6,14,47
3,debugHMW9LO,debugLK7MDR,debugUR5VB7,2,3339,2,50,43
3,debugHMW9LO,debugLK7MDR,debugUR5VB7,2,4584,7,38,52
3,debugHMW9LO,debugLK7MDR,debugUR5VB7,2,3661,5,38,14
3,debugHMW9LO,debugLK7MDR,debugUR5VB7,2,4535,6,57,52
3,debugHMW9LO,debugLK7MDR,debugUR5VB7,2,4768,6,14,59
3,debugHMW9LO,debugLK7MDR,debugUR5VB7,2,3869,3,41,28
3,debugHMW9LO,debugLK7MDR,debugUR5VB7,2,3905,1,46,52
3,debugHMW9LO,debugLK7MDR,debugUR5VB7,2,5623,2,52,45
3,debugHMW9LO,debugLK7MDR,debugUR5VB7,2,1721,1,54,49
3,debugHMW9LO,debugLK7MDR,debugUR5VB7,2,6069,3,41,43
3,debugHMW9LO,debugLK7MDR,debugUR5VB7,2,2533,1,46,51
3,debugHMW9LO,debugLK7MDR,debugUR5VB7,2,3709,5,45,20
3,debugHMW9LO,debugLK7MDR,debugUR5VB7,2,2971,7,48,44
3,debugHMW9LO,debugLK7MDR,debugUR5VB7,2,2793,1,38,20
3,debugHMW9LO,debugLK7MDR,debugUR5VB7,2,11716,2,38,44
3,debugHMW9LO,debugLK7MDR,debugUR5VB7,2,2349,1,55,50
4,debugZTF4AI,debug97999S,debugPMFH95,0,15221,3,16,2
4,debugZTF4AI,debug97999S,debugPMFH95,1,5829,5,10,25
4,debugZTF4AI,debug97999S,debugPMFH95,1,8993,3,1,24
4,debugZTF4AI,debug97999S,debugPMFH95,1,8482,4,23,14
4,debugZTF4AI,debug97999S,debugPMFH95,1,7033,5,25,4
4,debugZTF4AI,debug97999S,debugPMFH95,1,10218,5,13,4
4,debugZTF4AI,debug97999S,debugPMFH95,2,7738,3,17,22
4,debugZTF4AI,debug97999S,debugPMFH95,2,7301,6,2,19
4,debugZTF4AI,debug97999S,debugPMFH95,2,5346,2,11,21
4,debugZTF4AI,debug97999S,debugPMFH95,2,3074,4,15,24
4,debugZTF4AI,debug97999S,debugPMFH95,2,3350,4,10,25
4,debugZTF4AI,debug97999S,debugPMFH95,2,3857,6,8,18
4,debugZTF4AI,debug97999S,debugPMFH95,2,3281,7,3,17
4,debugZTF4AI,debug97999S,debugPMFH95,2,3480,6,6,7
4,debugZTF4AI,debug97999S,debugPMFH95,2,4628,8,9,20
4,debugZTF4AI,debug97999S,debugPMFH95,2,5238,4,22,11
4,debugZTF4AI,debug97999S,debugPMFH95,2,3852,7,5,1
4,debugZTF4AI,debug97999S,debugPMFH95,2,3523,5,13,3
4,debugZTF4AI,debug97999S,debugPMFH95,2,3137,8,3,15
4,debugZTF4AI,debug97999S,debugPMFH95,2,3371,6,4,18
4,debugZTF4AI,debug97999S,debugPMFH95,2,2784,7,13,20
4,debugZTF4AI,debug97999S,debugPMFH95,2,4038,5,20,2
4,debugZTF4AI,debug97999S,debugPMFH95,2,3725,3,17,5
4,debugZTF4AI,debug97999S,debugPMFH95,2,4031,6,11,5
4,debugZTF4AI,debug97999S,debugPMFH95,2,3861,7,7,16
4,debugZTF4AI,debug97999S,debugPMFH95,2,2895,8,25,18
4,debugZTF4AI,debug97999S,debugPMFH95,2,5314,5,15,11
4,debugZTF4AI,debug97999S,debugPMFH95,2,3238,6,7,20
4,debugZTF4AI,debug97999S,debugPMFH95,2,2654,6,7,9
4,debugZTF4AI,debug97999S,debugPMFH95,2,4729,4,3,9
4,debugZTF4AI,debug97999S,debugPMFH95,2,4369,7,17,16
4,debugZTF4AI,debug97999S,debugPMFH95,2,2369,6,17,1
4,debugZTF4AI,debug97999S,debugPMFH95,2,4451,5,19,17
4,debugZTF4AI,debug97999S,debugPMFH95,2,2905,6,2,11
4,debugZTF4AI,debug97999S,debugPMFH95,2,5388,6,20,24
4,debugZTF4AI,debug97999S,debugPMFH95,2,2511,4,13,17
4,debugZTF4AI,debug97999S,debugPMFH95,2,2752,5,15,6
4,debugZTF4AI,debug97999S,debugPMFH95,2,7497,7,15,12
4,debugZTF4AI,debug97999S,debugPMFH95,2,3828,5,23,12
4,debugZTF4AI,debug97999S,debugPMFH95,3,2978,false,14,14
4,debugZTF4AI,debug97999S,debugPMFH95,2,2976,4,13,17
4,debugZTF4AI,debug97999S,debugPMFH95,2,6122,5,23,12
4,debugZTF4AI,debug97999S,debugPMFH95,2,2693,3,11,21
4,debugZTF4AI,debug97999S,debugPMFH95,2,4059,6,5,1
4,debugZTF4AI,debug97999S,debugPMFH95,2,4293,3,22,11
4,debugZTF4AI,debug97999S,debugPMFH95,2,6398,5,4,18
4,debugZTF4AI,debug97999S,debugPMFH95,2,5284,6,8,18
4,debugZTF4AI,debug97999S,debugPMFH95,2,4911,8,9,20
4,debugZTF4AI,debug97999S,debugPMFH95,2,3887,3,17,22
4,debugZTF4AI,debug97999S,debugPMFH95,2,4688,5,13,3
4,debugZTF4AI,debug97999S,debugPMFH95,2,4241,6,20,2
4,debugZTF4AI,debug97999S,debugPMFH95,2,6114,3,17,5
4,debugZTF4AI,debug97999S,debugPMFH95,2,5907,3,15,24
4,debugZTF4AI,debug97999S,debugPMFH95,2,3123,7,17,16
4,debugZTF4AI,debug97999S,debugPMFH95,2,2576,7,7,16
4,debugZTF4AI,debug97999S,debugPMFH95,2,3335,6,15,6
4,debugZTF4AI,debug97999S,debugPMFH95,2,3679,3,17,1
4,debugZTF4AI,debug97999S,debugPMFH95,2,3687,4,15,11
4,debugZTF4AI,debug97999S,debugPMFH95,2,4210,5,20,24
4,debugZTF4AI,debug97999S,debugPMFH95,2,4901,6,7,20
4,debugZTF4AI,debug97999S,debugPMFH95,2,4102,6,3,17
4,debugZTF4AI,debug97999S,debugPMFH95,2,3928,4,3,9
4,debugZTF4AI,debug97999S,debugPMFH95,2,4159,7,10,25
4,debugZTF4AI,debug97999S,debugPMFH95,2,6751,4,19,17
4,debugZTF4AI,debug97999S,debugPMFH95,2,4658,7,2,19
4,debugZTF4AI,debug97999S,debugPMFH95,2,2631,7,15,12
4,debugZTF4AI,debug97999S,debugPMFH95,2,3287,7,25,18
4,debugZTF4AI,debug97999S,debugPMFH95,2,2332,7,13,20
4,debugZTF4AI,debug97999S,debugPMFH95,2,8769,8,11,5
4,debugZTF4AI,debug97999S,debugPMFH95,2,4429,6,2,11
4,debugZTF4AI,debug97999S,debugPMFH95,2,3529,6,6,7
4,debugZTF4AI,debug97999S,debugPMFH95,2,5087,6,3,15
4,debugZTF4AI,debug97999S,debugPMFH95,2,3003,6,7,9
4,debugZTF4AI,debug97999S,debugPMFH95,2,5165,8,11,5
4,debugZTF4AI,debug97999S,debugPMFH95,2,3951,4,15,11
4,debugZTF4AI,debug97999S,debugPMFH95,2,4404,3,19,17
4,debugZTF4AI,debug97999S,debugPMFH95,2,5304,8,5,1
4,debugZTF4AI,debug97999S,debugPMFH95,2,3818,4,13,17
4,debugZTF4AI,debug97999S,debugPMFH95,2,9837,5,13,3
4,debugZTF4AI,debug97999S,debugPMFH95,2,3704,6,7,9
4,debugZTF4AI,debug97999S,debugPMFH95,2,2406,7,2,11
4,debugZTF4AI,debug97999S,debugPMFH95,2,2516,7,9,20
4,debugZTF4AI,debug97999S,debugPMFH95,2,3895,5,4,18
4,debugZTF4AI,debug97999S,debugPMFH95,2,2326,6,25,18
4,debugZTF4AI,debug97999S,debugPMFH95,2,2685,7,20,24
4,debugZTF4AI,debug97999S,debugPMFH95,2,2357,7,17,16
4,debugZTF4AI,debug97999S,debugPMFH95,2,2980,7,20,2
4,debugZTF4AI,debug97999S,debugPMFH95,2,3110,7,3,15
4,debugZTF4AI,debug97999S,debugPMFH95,2,3119,6,3,9
4,debugZTF4AI,debug97999S,debugPMFH95,2,3355,4,22,11
4,debugZTF4AI,debug97999S,debugPMFH95,2,3188,6,6,7
4,debugZTF4AI,debug97999S,debugPMFH95,2,6273,4,15,12
4,debugZTF4AI,debug97999S,debugPMFH95,2,3197,3,23,12
4,debugZTF4AI,debug97999S,debugPMFH95,2,4361,4,10,25
4,debugZTF4AI,debug97999S,debugPMFH95,2,3080,4,15,24
4,debugZTF4AI,debug97999S,debugPMFH95,2,2609,3,17,5
4,debugZTF4AI,debug97999S,debugPMFH95,2,3145,4,15,6
4,debugZTF4AI,debug97999S,debugPMFH95,2,2279,2,17,1
4,debugZTF4AI,debug97999S,debugPMFH95,2,3471,7,8,18
4,debugZTF4AI,debug97999S,debugPMFH95,2,5234,5,11,21
4,debugZTF4AI,debug97999S,debugPMFH95,2,4717,8,13,20
4,debugZTF4AI,debug97999S,debugPMFH95,2,4008,8,2,19
4,debugZTF4AI,debug97999S,debugPMFH95,2,3493,7,7,16
4,debugZTF4AI,debug97999S,debugPMFH95,2,3433,7,3,17
4,debugZTF4AI,debug97999S,debugPMFH95,2,2873,6,7,20
4,debugZTF4AI,debug97999S,debugPMFH95,2,2949,4,17,22
4,debugZTF4AI,debug97999S,debugPMFH95,3,2638,false,1,1
4,debugZTF4AI,debug97999S,debugPMFH95,2,6912,3,17,5
4,debugZTF4AI,debug97999S,debugPMFH95,2,3853,5,13,17
4,debugZTF4AI,debug97999S,debugPMFH95,2,4844,6,2,11
4,debugZTF4AI,debug97999S,debugPMFH95,2,2317,3,22,11
4,debugZTF4AI,debug97999S,debugPMFH95,2,3710,6,4,18
4,debugZTF4AI,debug97999S,debugPMFH95,2,2761,6,11,5
4,debugZTF4AI,debug97999S,debugPMFH95,2,2116,6,7,9
4,debugZTF4AI,debug97999S,debugPMFH95,2,2111,6,10,25
4,debugZTF4AI,debug97999S,debugPMFH95,2,3441,5,15,11
4,debugZTF4AI,debug97999S,debugPMFH95,2,3243,7,2,19
4,debugZTF4AI,debug97999S,debugPMFH95,2,4856,6,20,2
4,debugZTF4AI,debug97999S,debugPMFH95,2,4107,4,13,3
4,debugZTF4AI,debug97999S,debugPMFH95,2,4908,8,9,20
4,debugZTF4AI,debug97999S,debugPMFH95,2,3718,3,17,22
4,debugZTF4AI,debug97999S,debugPMFH95,2,5010,5,15,24
4,debugZTF4AI,debug97999S,debugPMFH95,2,3674,7,8,18
4,debugZTF4AI,debug97999S,debugPMFH95,2,2857,7,17,16
4,debugZTF4AI,debug97999S,debugPMFH95,2,2987,8,5,1
4,debugZTF4AI,debug97999S,debugPMFH95,2,4309,6,3,15
4,debugZTF4AI,debug97999S,debugPMFH95,2,3530,4,3,9
4,debugZTF4AI,debug97999S,debugPMFH95,2,2301,7,6,7
4,debugZTF4AI,debug97999S,debugPMFH95,2,3867,3,17,1
4,debugZTF4AI,debug97999S,debugPMFH95,2,3422,6,15,6
4,debugZTF4AI,debug97999S,debugPMFH95,2,6985,6,23,12
4,debugZTF4AI,debug97999S,debugPMFH95,2,2337,8,13,20
4,debugZTF4AI,debug97999S,debugPMFH95,2,3819,5,19,17
4,debugZTF4AI,debug97999S,debugPMFH95,2,2184,6,3,17
4,debugZTF4AI,debug97999S,debugPMFH95,2,2000,6,7,20
4,debugZTF4AI,debug97999S,debugPMFH95,2,4674,7,25,18
4,debugZTF4AI,debug97999S,debugPMFH95,2,3816,7,20,24
4,debugZTF4AI,debug97999S,debugPMFH95,2,2503,7,7,16
4,debugZTF4AI,debug97999S,debugPMFH95,2,3435,2,11,21
4,debugZTF4AI,debug97999S,debugPMFH95,2,3742,6,15,12
5,debug9X9GZT,debugO83MFY,debugNVJ3H1,0,28201,2,37,38
5,debug9X9GZT,debugO83MFY,debugNVJ3H1,1,4283,2,14,28
5,debug9X9GZT,debugO83MFY,debugNVJ3H1,1,3930,1,40,10
5,debug9X9GZT,debugO83MFY,debugNVJ3H1,1,11175,5,39,27
5,debug9X9GZT,debugO83MFY,debugNVJ3H1,1,4844,3,27,11
5,debug9X9GZT,debugO83MFY,debugNVJ3H1,1,10277,5,29,21
5,debug9X9GZT,debugO83MFY,debugNVJ3H1,2,20026,5,34,35
5,debug9X9GZT,debugO83MFY,debugNVJ3H1,2,4113,4,26,17
5,debug9X9GZT,debugO83MFY,debugNVJ3H1,2,3651,3,22,28
5,debug9X9GZT,debugO83MFY,debugNVJ3H1,2,4661,4,26,31
5,debug9X9GZT,debugO83MFY,debugNVJ3H1,2,8486,8,34,28
5,debug9X9GZT,debugO83MFY,debugNVJ3H1,2,6200,1,22,11
5,debug9X9GZT,debugO83MFY,debugNVJ3H1,2,2421,2,29,30
5,debug9X9GZT,debugO83MFY,debugNVJ3H1,2,2425,5,11,38
5,debug9X9GZT,debugO83MFY,debugNVJ3H1,2,3192,5,35,14
5,debug9X9GZT,debugO83MFY,debugNVJ3H1,2,4425,6,33,28
5,debug9X9GZT,debugO83MFY,debugNVJ3H1,2,2881,7,39,33
5,debug9X9GZT,debugO83MFY,debugNVJ3H1,2,3714,8,31,25
5,debug9X9GZT,debugO83MFY,debugNVJ3H1,2,2816,1,10,11
5,debug9X9GZT,debugO83MFY,debugNVJ3H1,2,2993,1,37,10
5,debug9X9GZT,debugO83MFY,debugNVJ3H1,2,5813,6,24,20
5,debug9X9GZT,debugO83MFY,debugNVJ3H1,2,2927,3,38,22
5,debug9X9GZT,debugO83MFY,debugNVJ3H1,2,2844,5,28,37
5,debug9X9GZT,debugO83MFY,debugNVJ3H1,2,2841,4,31,29
5,debug9X9GZT,debugO83MFY,debugNVJ3H1,2,2667,4,21,17
5,debug9X9GZT,debugO83MFY,debugNVJ3H1,2,3824,6,38,25
5,debug9X9GZT,debugO83MFY,debugNVJ3H1,2,3510,1,37,17
5,debug9X9GZT,debugO83MFY,debugNVJ3H1,2,2769,4,40,24
5,debug9X9GZT,debugO83MFY,debugNVJ3H1,2,2730,5,24,39
5,debug9X9GZT,debugO83MFY,debugNVJ3H1,2,3924,6,34,37
5,debug9X9GZT,debugO83MFY,debugNVJ3H1,2,2472,5,33,38
5,debug9X9GZT,debugO83MFY,debugNVJ3H1,2,2241,1,27,10
5,debug9X9GZT,debugO83MFY,debugNVJ3H1,2,2846,1,36,20
5,debug9X9GZT,debugO83MFY,debugNVJ3H1,2,2803,2,38,32
5,debug9X9GZT,debugO83MFY,debugNVJ3H1,2,2436,1,23,17
5,debug9X9GZT,debugO83MFY,debugNVJ3H1,2,3308,5,11,33
5,debug9X9GZT,debugO83MFY,debugNVJ3H1,2,2951,1,39,36
5,debug9X9GZT,debugO83MFY,debugNVJ3H1,2,5450,5,17,10
5,debug9X9GZT,debugO83MFY,debugNVJ3H1,2,2827,4,32,24
5,debug9X9GZT,debugO83MFY,debugNVJ3H1,3,2689,true,11,11
5,debug9X9GZT,debugO83MFY,debugNVJ3H1,2,2945,6,39,33
5,debug9X9GZT,debugO83MFY,debugNVJ3H1,2,5852,5,33,38
5,debug9X9GZT,debugO83MFY,debugNVJ3H1,2,3630,4,31,25
5,debug9X9GZT,debugO83MFY,debugNVJ3H1,2,3381,5,32,24
5,debug9X9GZT,debugO83MFY,debugNVJ3H1,2,2569,3,26,17
5,debug9X9GZT,debugO83MFY,debugNVJ3H1,2,4201,6,34,37
5,debug9X9GZT,debugO83MFY,debugNVJ3H1,2,1904,6,11,33
5,debug9X9GZT,debugO83MFY,debugNVJ3H1,2,4973,2,22,11
5,debug9X9GZT,debugO83MFY,debugNVJ3H1,2,3084,2,11,38
5,debug9X9GZT,debugO83MFY,debugNVJ3H1,2,2950,5,28,37
5,debug9X9GZT,debugO83MFY,debugNVJ3H1,2,3875,8,34,28
5,debug9X9GZT,debugO83MFY,debugNVJ3H1,2,3023,3,38,22
5,debug9X9GZT,debugO83MFY,debugNVJ3H1,2,5019,5,33,28
5,debug9X9GZT,debugO83MFY,debugNVJ3H1,2,2870,2,39,36
5,debug9X9GZT,debugO83MFY,debugNVJ3H1,2,2181,2,23,17
5,debug9X9GZT,debugO83MFY,debugNVJ3H1,2,3709,2,38,32
5,debug9X9GZT,debugO83MFY,debugNVJ3H1,2,2822,7,24,20
5,debug9X9GZT,debugO83MFY,debugNVJ3H1,2,2493,5,24,39
5,debug9X9GZT,debugO83MFY,debugNVJ3H1,2,2247,1,21,17
5,debug9X9GZT,debugO83MFY,debugNVJ3H1,2,4306,5,17,10
5,debug9X9GZT,debugO83MFY,debugNVJ3H1,2,3133,1,27,10
5,debug9X9GZT,debugO83MFY,debugNVJ3H1,2,4386,4,31,29
5,debug9X9GZT,debugO83MFY,debugNVJ3H1,2,3000,1,10,11
5,debug9X9GZT,debugO83MFY,debugNVJ3H1,2,4068,2,22,28
5,debug9X9GZT,debugO83MFY,debugNVJ3H1,2,2287,4,35,14
5,debug9X9GZT,debugO83MFY,debugNVJ3H1,2,2848,3,26,31
5,debug9X9GZT,debugO83MFY,debugNVJ3H1,2,6130,3,40,24
5,debug9X9GZT,debugO83MFY,debugNVJ3H1,2,4792,1,36,20
5,debug9X9GZT,debugO83MFY,debugNVJ3H1,2,2056,2,29,30
5,debug9X9GZT,debugO83MFY,debugNVJ3H1,2,2920,5,38,25
5,debug9X9GZT,debugO83MFY,debugNVJ3H1,2,2564,4,34,35
5,debug9X9GZT,debugO83MFY,debugNVJ3H1,2,3771,1,37,17
5,debug9X9GZT,debugO83MFY,debugNVJ3H1,2,1715,1,37,10
5,debug9X9GZT,debugO83MFY,debugNVJ3H1,2,17300,4,11,33
5,debug9X9GZT,debugO83MFY,debugNVJ3H1,2,2996,1,10,11
5,debug9X9GZT,debugO83MFY,debugNVJ3H1,2,3194,3,26,31
5,debug9X9GZT,debugO83MFY,debugNVJ3H1,2,2841,5,17,10
5,debug9X9GZT,debugO83MFY,debugNVJ3H1,2,3726,4,28,37
5,debug9X9GZT,debugO83MFY,debugNVJ3H1,2,2111,4,39,33
5,debug9X9GZT,debugO83MFY,debugNVJ3H1,2,2494,1,37,17
5,debug9X9GZT,debugO83MFY,debugNVJ3H1,2,5594,5,11,38
5,debug9X9GZT,debugO83MFY,debugNVJ3H1,2,2282,4,31,29
5,debug9X9GZT,debugO83MFY,debugNVJ3H1,2,3486,6,24,20
5,debug9X9GZT,debugO83MFY,debugNVJ3H1,2,2668,2,26,17
5,debug9X9GZT,debugO83MFY,debugNVJ3H1,2,4437,2,33,38
5,debug9X9GZT,debugO83MFY,debugNVJ3H1,2,2145,1,21,17
5,debug9X9GZT,debugO83MFY,debugNVJ3H1,2,1572,1,36,20
5,debug9X9GZT,debugO83MFY,debugNVJ3H1,2,3312,4,40,24
5,debug9X9GZT,debugO83MFY,debugNVJ3H1,2,2830,3,33,28
5,debug9X9GZT,debugO83MFY,debugNVJ3H1,2,3012,4,34,35
5,debug9X9GZT,debugO83MFY,debugNVJ3H1,2,2990,2,23,17
5,debug9X9GZT,debugO83MFY,debugNVJ3H1,2,3285,4,24,39
5,debug9X9GZT,debugO83MFY,debugNVJ3H1,2,3473,2,38,22
5,debug9X9GZT,debugO83MFY,debugNVJ3H1,2,2553,5,38,25
5,debug9X9GZT,debugO83MFY,debugNVJ3H1,2,2534,1,37,10
5,debug9X9GZT,debugO83MFY,debugNVJ3H1,2,2223,1,27,10
5,debug9X9GZT,debugO83MFY,debugNVJ3H1,2,3346,4,34,28
5,debug9X9GZT,debugO83MFY,debugNVJ3H1,2,2522,3,35,14
5,debug9X9GZT,debugO83MFY,debugNVJ3H1,2,2575,5,34,37
5,debug9X9GZT,debugO83MFY,debugNVJ3H1,2,2706,2,38,32
5,debug9X9GZT,debugO83MFY,debugNVJ3H1,2,2642,3,31,25
5,debug9X9GZT,debugO83MFY,debugNVJ3H1,2,1954,1,39,36
5,debug9X9GZT,debugO83MFY,debugNVJ3H1,2,5207,3,32,24
5,debug9X9GZT,debugO83MFY,debugNVJ3H1,2,2401,2,22,11
5,debug9X9GZT,debugO83MFY,debugNVJ3H1,2,3746,2,29,30
5,debug9X9GZT,debugO83MFY,debugNVJ3H1,2,2098,2,22,28
5,debug9X9GZT,debugO83MFY,debugNVJ3H1,3,2527,true,38,38
5,debug9X9GZT,debugO83MFY,debugNVJ3H1,2,4515,2,22,28
5,debug9X9GZT,debugO83MFY,debugNVJ3H1,2,5458,1,37,10
5,debug9X9GZT,debugO83MFY,debugNVJ3H1,2,1741,1,26,17
5,debug9X9GZT,debugO83MFY,debugNVJ3H1,2,2559,2,38,32
5,debug9X9GZT,debugO83MFY,debugNVJ3H1,2,4474,4,24,39
5,debug9X9GZT,debugO83MFY,debugNVJ3H1,2,2251,5,34,37
5,debug9X9GZT,debugO83MFY,debugNVJ3H1,2,2196,6,24,20
5,debug9X9GZT,debugO83MFY,debugNVJ3H1,2,2250,1,39,36
5,debug9X9GZT,debugO83MFY,debugNVJ3H1,2,2339,4,40,24
5,debug9X9GZT,debugO83MFY,debugNVJ3H1,2,1996,4,11,33
5,debug9X9GZT,debugO83MFY,debugNVJ3H1,2,1927,3,33,38
5,debug9X9GZT,debugO83MFY,debugNVJ3H1,2,1909,2,23,17
5,debug9X9GZT,debugO83MFY,debugNVJ3H1,2,2543,2,37,17
5,debug9X9GZT,debugO83MFY,debugNVJ3H1,2,2696,8,34,28
5,debug9X9GZT,debugO83MFY,debugNVJ3H1,2,2932,6,28,37
5,debug9X9GZT,debugO83MFY,debugNVJ3H1,2,2690,4,17,10
5,debug9X9GZT,debugO83MFY,debugNVJ3H1,2,3147,2,31,29
5,debug9X9GZT,debugO83MFY,debugNVJ3H1,2,21526,4,31,25
5,debug9X9GZT,debugO83MFY,debugNVJ3H1,2,8201,5,39,33
5,debug9X9GZT,debugO83MFY,debugNVJ3H1,2,2626,1,27,10
5,debug9X9GZT,debugO83MFY,debugNVJ3H1,2,2189,3,33,28
5,debug9X9GZT,debugO83MFY,debugNVJ3H1,2,2215,2,22,11
5,debug9X9GZT,debugO83MFY,debugNVJ3H1,2,8998,1,36,20
5,debug9X9GZT,debugO83MFY,debugNVJ3H1,2,152596,3,26,31
5,debug9X9GZT,debugO83MFY,debugNVJ3H1,2,10907,3,38,22
5,debug9X9GZT,debugO83MFY,debugNVJ3H1,2,2667,1,21,17
5,debug9X9GZT,debugO83MFY,debugNVJ3H1,2,2537,5,35,14
5,debug9X9GZT,debugO83MFY,debugNVJ3H1,2,20523,1,10,11
5,debug9X9GZT,debugO83MFY,debugNVJ3H1,2,2478,3,32,24
5,debug9X9GZT,debugO83MFY,debugNVJ3H1,2,2488,5,34,35
5,debug9X9GZT,debugO83MFY,debugNVJ3H1,2,3667,5,38,25
5,debug9X9GZT,debugO83MFY,debugNVJ3H1,2,5305,4,11,38
5,debug9X9GZT,debugO83MFY,debugNVJ3H1,2,2194,2,29,30
6,debugUC3EDL,debugHA1CLA,debugFJMYG8,0,8632,7,24,35
6,debugUC3EDL,debugHA1CLA,debugFJMYG8,1,3560,5,35,38
6,debugUC3EDL,debugHA1CLA,debugFJMYG8,1,3936,4,26,32
6,debugUC3EDL,debugHA1CLA,debugFJMYG8,1,4896,7,14,28
6,debugUC3EDL,debugHA1CLA,debugFJMYG8,1,4218,2,29,17
6,debugUC3EDL,debugHA1CLA,debugFJMYG8,1,2835,1,40,36
6,debugUC3EDL,debugHA1CLA,debugFJMYG8,2,4327,1,23,17
6,debugUC3EDL,debugHA1CLA,debugFJMYG8,2,3332,3,33,28
6,debugUC3EDL,debugHA1CLA,debugFJMYG8,2,3772,3,33,38
6,debugUC3EDL,debugHA1CLA,debugFJMYG8,2,7598,3,36,20
6,debugUC3EDL,debugHA1CLA,debugFJMYG8,2,3323,6,34,35
6,debugUC3EDL,debugHA1CLA,debugFJMYG8,2,2871,5,32,24
6,debugUC3EDL,debugHA1CLA,debugFJMYG8,2,4262,6,39,33
6,debugUC3EDL,debugHA1CLA,debugFJMYG8,2,3795,7,11,38
6,debugUC3EDL,debugHA1CLA,debugFJMYG8,2,2627,1,37,10
6,debugUC3EDL,debugHA1CLA,debugFJMYG8,2,3156,2,39,36
6,debugUC3EDL,debugHA1CLA,debugFJMYG8,2,3475,6,11,33
6,debugUC3EDL,debugHA1CLA,debugFJMYG8,2,6210,5,40,24
6,debugUC3EDL,debugHA1CLA,debugFJMYG8,2,2462,1,27,10
6,debugUC3EDL,debugHA1CLA,debugFJMYG8,2,3863,8,34,28
6,debugUC3EDL,debugHA1CLA,debugFJMYG8,2,5486,8,17,10
6,debugUC3EDL,debugHA1CLA,debugFJMYG8,2,2361,1,21,17
6,debugUC3EDL,debugHA1CLA,debugFJMYG8,2,7069,8,31,25
6,debugUC3EDL,debugHA1CLA,debugFJMYG8,2,4900,7,26,31
6,debugUC3EDL,debugHA1CLA,debugFJMYG8,2,7606,6,38,22
6,debugUC3EDL,debugHA1CLA,debugFJMYG8,2,4431,7,24,20
6,debugUC3EDL,debugHA1CLA,debugFJMYG8,2,3901,6,22,28
6,debugUC3EDL,debugHA1CLA,debugFJMYG8,2,3742,5,35,14
6,debugUC3EDL,debugHA1CLA,debugFJMYG8,2,9292,7,34,37
6,debugUC3EDL,debugHA1CLA,debugFJMYG8,2,4273,6,28,37
6,debugUC3EDL,debugHA1CLA,debugFJMYG8,2,7122,6,38,32
6,debugUC3EDL,debugHA1CLA,debugFJMYG8,2,6848,6,29,30
6,debugUC3EDL,debugHA1CLA,debugFJMYG8,2,5002,5,22,11
6,debugUC3EDL,debugHA1CLA,debugFJMYG8,2,3846,6,31,29
6,debugUC3EDL,debugHA1CLA,debugFJMYG8,2,2582,2,10,11
6,debugUC3EDL,debugHA1CLA,debugFJMYG8,2,3567,6,38,25
6,debugUC3EDL,debugHA1CLA,debugFJMYG8,2,2319,1,26,17
6,debugUC3EDL,debugHA1CLA,debugFJMYG8,2,3441,7,24,39
6,debugUC3EDL,debugHA1CLA,debugFJMYG8,2,2623,1,37,17
6,debugUC3EDL,debugHA1CLA,debugFJMYG8,3,2201,true,14,14
6,debugUC3EDL,debugHA1CLA,debugFJMYG8,2,5593,6,24,39
6,debugUC3EDL,debugHA1CLA,debugFJMYG8,2,3833,1,27,10
6,debugUC3EDL,debugHA1CLA,debugFJMYG8,2,3076,8,28,37
6,debugUC3EDL,debugHA1CLA,debugFJMYG8,2,3680,2,39,36
6,debugUC3EDL,debugHA1CLA,debugFJMYG8,2,2246,1,37,17
6,debugUC3EDL,debugHA1CLA,debugFJMYG8,2,3571,7,33,28
6,debugUC3EDL,debugHA1CLA,debugFJMYG8,2,2845,7,17,10
6,debugUC3EDL,debugHA1CLA,debugFJMYG8,2,7423,5,38,32
6,debugUC3EDL,debugHA1CLA,debugFJMYG8,2,4512,6,34,37
6,debugUC3EDL,debugHA1CLA,debugFJMYG8,2,4651,1,37,10
6,debugUC3EDL,debugHA1CLA,debugFJMYG8,2,4379,1,23,17
6,debugUC3EDL,debugHA1CLA,debugFJMYG8,2,5503,7,11,33
6,debugUC3EDL,debugHA1CLA,debugFJMYG8,2,2647,5,29,30
6,debugUC3EDL,debugHA1CLA,debugFJMYG8,2,2440,1,26,17
6,debugUC3EDL,debugHA1CLA,debugFJMYG8,2,2574,7,11,38
6,debugUC3EDL,debugHA1CLA,debugFJMYG8,2,3084,6,38,25
6,debugUC3EDL,debugHA1CLA,debugFJMYG8,2,2885,8,24,20
6,debugUC3EDL,debugHA1CLA,debugFJMYG8,2,2597,4,22,28
6,debugUC3EDL,debugHA1CLA,debugFJMYG8,2,3812,4,26,31
6,debugUC3EDL,debugHA1CLA,debugFJMYG8,2,3199,6,39,33
6,debugUC3EDL,debugHA1CLA,debugFJMYG8,2,3676,1,36,20
6,debugUC3EDL,debugHA1CLA,debugFJMYG8,2,2859,1,10,11
6,debugUC3EDL,debugHA1CLA,debugFJMYG8,2,2672,8,31,25
6,debugUC3EDL,debugHA1CLA,debugFJMYG8,2,2904,9,34,28
6,debugUC3EDL,debugHA1CLA,debugFJMYG8,2,3329,5,22,11
6,debugUC3EDL,debugHA1CLA,debugFJMYG8,2,6050,6,31,29
6,debugUC3EDL,debugHA1CLA,debugFJMYG8,2,3108,1,21,17
6,debugUC3EDL,debugHA1CLA,debugFJMYG8,2,6423,5,40,24
6,debugUC3EDL,debugHA1CLA,debugFJMYG8,2,3066,6,38,22
6,debugUC3EDL,debugHA1CLA,debugFJMYG8,2,4612,4,33,38
6,debugUC3EDL,debugHA1CLA,debugFJMYG8,2,3544,6,34,35
6,debugUC3EDL,debugHA1CLA,debugFJMYG8,2,2949,6,32,24
6,debugUC3EDL,debugHA1CLA,debugFJMYG8,2,2969,7,35,14
6,debugUC3EDL,debugHA1CLA,debugFJMYG8,2,2881,1,39,36
6,debugUC3EDL,debugHA1CLA,debugFJMYG8,2,3497,4,22,11
6,debugUC3EDL,debugHA1CLA,debugFJMYG8,2,3135,4,38,22
6,debugUC3EDL,debugHA1CLA,debugFJMYG8,2,3124,6,33,28
6,debugUC3EDL,debugHA1CLA,debugFJMYG8,2,6100,6,31,29
6,debugUC3EDL,debugHA1CLA,debugFJMYG8,2,1855,1,10,11
6,debugUC3EDL,debugHA1CLA,debugFJMYG8,2,2861,5,26,31
6,debugUC3EDL,debugHA1CLA,debugFJMYG8,2,3704,6,34,35
6,debugUC3EDL,debugHA1CLA,debugFJMYG8,2,2485,8,11,38
6,debugUC3EDL,debugHA1CLA,debugFJMYG8,2,2029,1,21,17
6,debugUC3EDL,debugHA1CLA,debugFJMYG8,2,2066,1,37,17
6,debugUC3EDL,debugHA1CLA,debugFJMYG8,2,2668,6,39,33
6,debugUC3EDL,debugHA1CLA,debugFJMYG8,2,4720,6,40,24
6,debugUC3EDL,debugHA1CLA,debugFJMYG8,2,2984,7,32,24
6,debugUC3EDL,debugHA1CLA,debugFJMYG8,2,5143,5,34,37
6,debugUC3EDL,debugHA1CLA,debugFJMYG8,2,2542,8,24,20
6,debugUC3EDL,debugHA1CLA,debugFJMYG8,2,2945,7,28,37
6,debugUC3EDL,debugHA1CLA,debugFJMYG8,2,3655,6,38,32
6,debugUC3EDL,debugHA1CLA,debugFJMYG8,2,1932,1,26,17
6,debugUC3EDL,debugHA1CLA,debugFJMYG8,2,2383,7,29,30
6,debugUC3EDL,debugHA1CLA,debugFJMYG8,2,4603,7,38,25
6,debugUC3EDL,debugHA1CLA,debugFJMYG8,2,4238,8,17,10
6,debugUC3EDL,debugHA1CLA,debugFJMYG8,2,2629,9,34,28
6,debugUC3EDL,debugHA1CLA,debugFJMYG8,2,4395,1,27,10
6,debugUC3EDL,debugHA1CLA,debugFJMYG8,2,2960,8,11,33
6,debugUC3EDL,debugHA1CLA,debugFJMYG8,2,3202,2,36,20
6,debugUC3EDL,debugHA1CLA,debugFJMYG8,2,2106,1,23,17
6,debugUC3EDL,debugHA1CLA,debugFJMYG8,2,5114,8,31,25
6,debugUC3EDL,debugHA1CLA,debugFJMYG8,2,5195,5,22,28
6,debugUC3EDL,debugHA1CLA,debugFJMYG8,2,2044,1,37,10
6,debugUC3EDL,debugHA1CLA,debugFJMYG8,2,3298,6,35,14
6,debugUC3EDL,debugHA1CLA,debugFJMYG8,2,2970,4,33,38
6,debugUC3EDL,debugHA1CLA,debugFJMYG8,2,2131,7,24,39
6,debugUC3EDL,debugHA1CLA,debugFJMYG8,3,2841,true,39,39
6,debugUC3EDL,debugHA1CLA,debugFJMYG8,2,2513,7,38,32
6,debugUC3EDL,debugHA1CLA,debugFJMYG8,2,3316,1,23,17
6,debugUC3EDL,debugHA1CLA,debugFJMYG8,2,2574,1,36,20
6,debugUC3EDL,debugHA1CLA,debugFJMYG8,2,3583,6,33,38
6,debugUC3EDL,debugHA1CLA,debugFJMYG8,2,6216,7,29,30
6,debugUC3EDL,debugHA1CLA,debugFJMYG8,2,3595,8,31,29
6,debugUC3EDL,debugHA1CLA,debugFJMYG8,2,3350,7,35,14
6,debugUC3EDL,debugHA1CLA,debugFJMYG8,2,2344,8,17,10
6,debugUC3EDL,debugHA1CLA,debugFJMYG8,2,2658,7,32,24
6,debugUC3EDL,debugHA1CLA,debugFJMYG8,2,2831,8,24,20
6,debugUC3EDL,debugHA1CLA,debugFJMYG8,2,3579,8,39,33
6,debugUC3EDL,debugHA1CLA,debugFJMYG8,2,2171,1,26,17
6,debugUC3EDL,debugHA1CLA,debugFJMYG8,2,4983,1,39,36
6,debugUC3EDL,debugHA1CLA,debugFJMYG8,2,3937,1,27,10
6,debugUC3EDL,debugHA1CLA,debugFJMYG8,2,3540,8,34,35
6,debugUC3EDL,debugHA1CLA,debugFJMYG8,2,2126,1,37,17
6,debugUC3EDL,debugHA1CLA,debugFJMYG8,2,3026,4,38,25
6,debugUC3EDL,debugHA1CLA,debugFJMYG8,2,3077,6,24,39
6,debugUC3EDL,debugHA1CLA,debugFJMYG8,2,4261,5,22,28
6,debugUC3EDL,debugHA1CLA,debugFJMYG8,2,6567,4,11,33
6,debugUC3EDL,debugHA1CLA,debugFJMYG8,2,2028,1,21,17
6,debugUC3EDL,debugHA1CLA,debugFJMYG8,2,2409,1,10,11
6,debugUC3EDL,debugHA1CLA,debugFJMYG8,2,2724,8,31,25
6,debugUC3EDL,debugHA1CLA,debugFJMYG8,2,3845,5,22,11
6,debugUC3EDL,debugHA1CLA,debugFJMYG8,2,3412,4,28,37
6,debugUC3EDL,debugHA1CLA,debugFJMYG8,2,3451,5,38,22
6,debugUC3EDL,debugHA1CLA,debugFJMYG8,2,5400,7,33,28
6,debugUC3EDL,debugHA1CLA,debugFJMYG8,2,3282,6,40,24
6,debugUC3EDL,debugHA1CLA,debugFJMYG8,2,2572,8,11,38
6,debugUC3EDL,debugHA1CLA,debugFJMYG8,2,2507,9,34,28
6,debugUC3EDL,debugHA1CLA,debugFJMYG8,2,3046,1,37,10
6,debugUC3EDL,debugHA1CLA,debugFJMYG8,2,2989,4,34,37
6,debugUC3EDL,debugHA1CLA,debugFJMYG8,2,3182,5,26,31
